{
  "name": "chastity",
  "vendorId": "0xFC32",
  "productId": "0x0287",
  "lighting": "none",
  "matrix": { "rows": 10, "cols": 7 },
  "layouts": {
        
        "keymap":[
  [
    {
      "x": 3
    },
    "0,3"
  ],
  [
    {
      "y": -0.87,
      "x": 2
    },
    "0,2",
    {
      "x": 1
    },
    "0,4"
  ],
  [
    {
      "y": -0.88,
      "x": 5
    },
    "0,5"
  ],
  [
    {
      "y": -0.87
    },
    "0,0",
    "0,1"
  ],
  [
    {
      "y": -0.38,
      "x": 3
    },
    "1,3"
  ],
  [
    {
      "y": -0.8700000000000001,
      "x": 2
    },
    "1,2",
    {
      "x": 1
    },
    "1,4"
  ],
  [
    {
      "y": -0.8799999999999999,
      "x": 5
    },
    "1,5"
  ],
  [
    {
      "y": -0.8700000000000001,
      "sm": "cherry",
      "sb": "cherry",
      "st": "MX1A-G1Nx"
    },
    "1,0",
    "1,1"
  ],
  [
    {
      "y": -0.3799999999999999,
      "x": 3
    },
    "2,3"
  ],
  [
    {
      "y": -0.8700000000000001,
      "x": 2
    },
    "2,2",
    {
      "x": 1
    },
    "2,4"
  ],
  [
    {
      "y": -0.8799999999999999,
      "x": 5
    },
    "2,5"
  ],
  [
    {
      "y": -0.8700000000000001
    },
    "2,0",
    "2,1"
  ],
  [
    {
      "y": -0.3799999999999999,
      "x": 3
    },
    "3,3"
  ],
  [
    {
      "y": -0.8700000000000001,
      "x": 2
    },
    "3,2",
    {
      "x": 1
    },
    "3,4"
  ],
  [
    {
      "y": -0.8799999999999999,
      "x": 5
    },
    "3,5"
  ],
  [
    {
      "y": -0.8700000000000001
    },
    "3,0",
    "3,1"
  ],
  [
    {
      "w": 1.25
    },
    "4,0"
  ],
  [
    {
      "rx": 0.5,
      "y": 0.17,
      "x": 5.75,
      "sm": "",
      "sb": "",
      "st": ""
    },
    "0,0\n\n\n\n\n\n\n\n\ne",
    {
      "x": 0.5
    },
    "1,0\n\n\n\n\n\n\n\n\ne"
  ],
  [
    {
      "x": 5.75
    },
    "0,1\n\n\n\n\n\n\n\n\ne",
    {
      "x": 0.5
    },
    "1,1\n\n\n\n\n\n\n\n\ne"
  ],
  [
    {
      "y": 0.5,
      "x": 5.75,
      "sm": "cherry",
      "sb": "cherry",
      "st": "MX1A-G1Nx"
    },
    "3,6",
    {
      "x": 0.5
    },
    "8,6"
  ],
  [
    {
      "rx": 8,
      "ry": 5.75,
      "y": -5.75,
      "x": 3
    },
    "5,3"
  ],
  [
    {
      "y": -0.87,
      "x": 2
    },
    "5,4",
    {
      "x": 1
    },
    "5,2"
  ],
  [
    {
      "y": -0.88,
      "x": 1
    },
    "5,5"
  ],
  [
    {
      "y": -0.87,
      "x": 5
    },
    "5,1",
    "5,0"
  ],
  [
    {
      "y": -0.38,
      "x": 3
    },
    "6,3"
  ],
  [
    {
      "y": -0.8700000000000001,
      "x": 2
    },
    "6,4",
    {
      "x": 1
    },
    "6,2"
  ],
  [
    {
      "y": -0.8799999999999999,
      "x": 1
    },
    "6,5"
  ],
  [
    {
      "y": -0.8700000000000001,
      "x": 5
    },
    "6,1",
    "6,0"
  ],
  [
    {
      "y": -0.3799999999999999,
      "x": 3
    },
    "7,3"
  ],
  [
    {
      "y": -0.8700000000000001,
      "x": 2
    },
    "7,4",
    {
      "x": 1
    },
    "7,2"
  ],
  [
    {
      "y": -0.8799999999999999,
      "x": 1
    },
    "7,5"
  ],
  [
    {
      "y": -0.8700000000000001,
      "x": 5
    },
    "7,1",
    "7,0"
  ],
  [
    {
      "y": -0.3799999999999999,
      "x": 3
    },
    "8,3"
  ],
  [
    {
      "y": -0.8700000000000001,
      "x": 2
    },
    "8,4",
    {
      "x": 1
    },
    "8,2"
  ],
  [
    {
      "y": -0.8799999999999999,
      "x": 1
    },
    "8,5"
  ],
  [
    {
      "y": -0.8700000000000001,
      "x": 5
    },
    "8,1",
    "8,0"
  ],
  [
    {
      "x": 5.75,
      "w": 1.25
    },
    "9,0"
  ],
  [
    {
      "r": 3,
      "rx": 4.25,
      "ry": 5,
      "y": -0.7999999999999998,
      "x": -0.6299999999999999
    },
    "4,3"
  ],
  [
    {
      "rx": 6.25,
      "ry": 6.25,
      "y": -2.36,
      "x": 5.02
    },
    "9,2"
  ],
  [
    {
      "r": 12,
      "rx": 5.25,
      "ry": 4.89,
      "y": -0.54,
      "x": -0.5499999999999998
    },
    "4,4"
  ],
  [
    {
      "rx": 7.5,
      "ry": 5.5,
      "y": -2.21,
      "x": 4.699999999999999
    },
    "9,1"
  ],
  [
    {
      "r": 27,
      "rx": 6.25,
      "ry": 4.25,
      "y": -0.5,
      "x": 0.08000000000000007,
      "h": 2
    },
    "4,5"
  ],
  [
    {
      "r": -27,
      "rx": 9,
      "y": -0.6499999999999999,
      "x": -1.4100000000000001,
      "h": 2
    },
    "9,5"
  ],
  [
    {
      "r": -16,
      "rx": 2,
      "ry": 5,
      "y": -0.5800000000000001,
      "x": -0.5
    },
    "4,1"
  ],
  [
    {
      "r": -12,
      "rx": 8,
      "ry": 6,
      "y": -1.25,
      "x": 1.3900000000000006
    },
    "9,4"
  ],
  [
    {
      "r": -5,
      "rx": 3.25,
      "ry": 5,
      "y": -0.8100000000000005,
      "x": -0.6699999999999999
    },
    "4,2"
  ],
  [
    {
      "rx": 8.75,
      "ry": 4,
      "y": 0.3799999999999999,
      "x": 1.4499999999999993
    },
    "9,3"
  ]
]
    }
}